{
  "Horizontal Spacing" : 1,
  "Tags" : [

  ],
  "Ansi 12 Color" : {
    "Red Component" : 0.41227626800537109,
    "Color Space" : "sRGB",
    "Blue Component" : 0.98225957155227661,
    "Alpha Component" : 1,
    "Green Component" : 0.75191694498062134
  },
  "Use Non-ASCII Font" : false,
  "Draw Powerline Glyphs" : true,
  "Bold Color" : {
    "Red Component" : 0.80000001192092896,
    "Color Space" : "sRGB",
    "Blue Component" : 1,
    "Alpha Component" : 1,
    "Green Component" : 0.80000001192092896
  },
  "Ansi 6 Color" : {
    "Red Component" : 0.33795073628425598,
    "Color Space" : "sRGB",
    "Blue Component" : 0.75957190990447998,
    "Alpha Component" : 1,
    "Green Component" : 0.828765869140625
  },
  "Normal Font" : "FuraCodeNerdFontComplete-Regular 14",
  "Ansi 3 Color" : {
    "Red Component" : 0.95068103075027466,
    "Color Space" : "sRGB",
    "Blue Component" : 0.71911627054214478,
    "Alpha Component" : 1,
    "Green Component" : 0.90721839666366577
  },
  "Rows" : 25,
  "Default Bookmark" : "No",
  "Ansi 2 Color" : {
    "Red Component" : 0.016168929636478424,
    "Color Space" : "sRGB",
    "Blue Component" : 0.70868951082229614,
    "Alpha Component" : 1,
    "Green Component" : 0.859405517578125
  },
  "Right Option Key Sends" : 0,
  "Cursor Guide Color" : {
    "Red Component" : 0.21960784494876862,
    "Color Space" : "sRGB",
    "Blue Component" : 0.37254902720451355,
    "Alpha Component" : 0.47058823529411764,
    "Green Component" : 0.23137255012989044
  },
  "Non-ASCII Anti Aliased" : true,
  "Use Bright Bold" : true,
  "Ansi 10 Color" : {
    "Red Component" : 0.0034253485500812531,
    "Color Space" : "sRGB",
    "Blue Component" : 0.75310415029525757,
    "Alpha Component" : 1,
    "Green Component" : 0.916259765625
  },
  "Ambiguous Double Width" : false,
  "Jobs to Ignore" : [
    "rlogin",
    "ssh",
    "slogin",
    "telnet"
  ],
  "Show Status Bar" : true,
  "Ansi 15 Color" : {
    "Red Component" : 0.95644122362136841,
    "Color Space" : "sRGB",
    "Blue Component" : 0.97515267133712769,
    "Alpha Component" : 1,
    "Green Component" : 0.95092695951461792
  },
  "Foreground Color" : {
    "Red Component" : 0.90886157751083374,
    "Color Space" : "sRGB",
    "Blue Component" : 0.92787140607833862,
    "Alpha Component" : 1,
    "Green Component" : 0.90325695276260376
  },
  "Working Directory" : "\$HOME",
  "Blinking Cursor" : false,
  "Disable Window Resizing" : true,
  "Sync Title" : false,
  "Prompt Before Closing 2" : false,
  "BM Growl" : true,
  "Command" : "",
  "Description" : "Default",
  "Mouse Reporting" : true,
  "Screen" : -1,
  "Selection Color" : {
    "Red Component" : 0.40000000596046448,
    "Color Space" : "sRGB",
    "Blue Component" : 0.60000002384185791,
    "Alpha Component" : 1,
    "Green Component" : 0.20000000298023224
  },
  "Only The Default BG Color Uses Transparency" : false,
  "Columns" : 80,
  "Idle Code" : 0,
  "Ansi 13 Color" : {
    "Red Component" : 0.75680404901504517,
    "Color Space" : "sRGB",
    "Blue Component" : 0.97278290987014771,
    "Alpha Component" : 1,
    "Green Component" : 0.49928122758865356
  },
  "Custom Command" : "No",
  "ASCII Anti Aliased" : true,
  "Non Ascii Font" : "Monaco 12",
  "Vertical Spacing" : 1,
  "Use Bold Font" : true,
  "Option Key Sends" : 0,
  "Selected Text Color" : {
    "Red Component" : 0.95644122362136841,
    "Color Space" : "sRGB",
    "Blue Component" : 0.97515267133712769,
    "Alpha Component" : 1,
    "Green Component" : 0.95092695951461792
  },
  "Background Color" : {
    "Red Component" : 0.16078431904315948,
    "Color Space" : "sRGB",
    "Blue Component" : 0.26666668057441711,
    "Alpha Component" : 1,
    "Green Component" : 0.16470588743686676
  },
  "Character Encoding" : 4,
  "Ansi 11 Color" : {
    "Red Component" : 0.99973183870315552,
    "Color Space" : "sRGB",
    "Blue Component" : 0.65924137830734253,
    "Alpha Component" : 1,
    "Green Component" : 0.98830991983413696
  },
  "Use Italic Font" : true,
  "Unlimited Scrollback" : false,
  "Keyboard Map" : {
    "0xf700-0x260000" : {
      "Text" : "[1;6A",
      "Action" : 10
    },
    "0x37-0x40000" : {
      "Text" : "0x1f",
      "Action" : 11
    },
    "0x32-0x40000" : {
      "Text" : "0x00",
      "Action" : 11
    },
    "0xf709-0x20000" : {
      "Text" : "[17;2~",
      "Action" : 10
    },
    "0xf70c-0x20000" : {
      "Text" : "[20;2~",
      "Action" : 10
    },
    "0xf729-0x20000" : {
      "Text" : "[1;2H",
      "Action" : 10
    },
    "0xf72b-0x40000" : {
      "Text" : "[1;5F",
      "Action" : 10
    },
    "0xf705-0x20000" : {
      "Text" : "[1;2Q",
      "Action" : 10
    },
    "0xf703-0x260000" : {
      "Text" : "[1;6C",
      "Action" : 10
    },
    "0xf700-0x220000" : {
      "Text" : "[1;2A",
      "Action" : 10
    },
    "0xf701-0x280000" : {
      "Text" : "0x1b 0x1b 0x5b 0x42",
      "Action" : 11
    },
    "0x38-0x40000" : {
      "Text" : "0x7f",
      "Action" : 11
    },
    "0x33-0x40000" : {
      "Text" : "0x1b",
      "Action" : 11
    },
    "0xf703-0x220000" : {
      "Text" : "[1;2C",
      "Action" : 10
    },
    "0xf701-0x240000" : {
      "Text" : "[1;5B",
      "Action" : 10
    },
    "0xf70d-0x20000" : {
      "Text" : "[21;2~",
      "Action" : 10
    },
    "0xf702-0x260000" : {
      "Text" : "[1;6D",
      "Action" : 10
    },
    "0xf729-0x40000" : {
      "Text" : "[1;5H",
      "Action" : 10
    },
    "0xf706-0x20000" : {
      "Text" : "[1;2R",
      "Action" : 10
    },
    "0x34-0x40000" : {
      "Text" : "0x1c",
      "Action" : 11
    },
    "0xf700-0x280000" : {
      "Text" : "0x1b 0x1b 0x5b 0x41",
      "Action" : 11
    },
    "0x2d-0x40000" : {
      "Text" : "0x1f",
      "Action" : 11
    },
    "0xf70e-0x20000" : {
      "Text" : "[23;2~",
      "Action" : 10
    },
    "0xf702-0x220000" : {
      "Text" : "[1;2D",
      "Action" : 10
    },
    "0xf703-0x280000" : {
      "Text" : "0x1b 0x1b 0x5b 0x43",
      "Action" : 11
    },
    "0xf700-0x240000" : {
      "Text" : "[1;5A",
      "Action" : 10
    },
    "0xf707-0x20000" : {
      "Text" : "[1;2S",
      "Action" : 10
    },
    "0xf70a-0x20000" : {
      "Text" : "[18;2~",
      "Action" : 10
    },
    "0x35-0x40000" : {
      "Text" : "0x1d",
      "Action" : 11
    },
    "0xf70f-0x20000" : {
      "Text" : "[24;2~",
      "Action" : 10
    },
    "0xf703-0x240000" : {
      "Text" : "[1;5C",
      "Action" : 10
    },
    "0xf701-0x260000" : {
      "Text" : "[1;6B",
      "Action" : 10
    },
    "0xf702-0x280000" : {
      "Text" : "0x1b 0x1b 0x5b 0x44",
      "Action" : 11
    },
    "0xf72b-0x20000" : {
      "Text" : "[1;2F",
      "Action" : 10
    },
    "0x36-0x40000" : {
      "Text" : "0x1e",
      "Action" : 11
    },
    "0xf708-0x20000" : {
      "Text" : "[15;2~",
      "Action" : 10
    },
    "0xf701-0x220000" : {
      "Text" : "[1;2B",
      "Action" : 10
    },
    "0xf70b-0x20000" : {
      "Text" : "[19;2~",
      "Action" : 10
    },
    "0xf702-0x240000" : {
      "Text" : "[1;5D",
      "Action" : 10
    },
    "0xf704-0x20000" : {
      "Text" : "[1;2P",
      "Action" : 10
    }
  },
  "Window Type" : 0,
  "Blur Radius" : 30,
  "Background Image Location" : "",
  "Blur" : true,
  "Badge Color" : {
    "Red Component" : 0.69803923368453979,
    "Color Space" : "sRGB",
    "Blue Component" : 0.96470588445663452,
    "Alpha Component" : 0.58823529411764708,
    "Green Component" : 0.38823530077934265
  },
  "Scrollback Lines" : 100000,
  "Send Code When Idle" : false,
  "Close Sessions On End" : true,
  "Terminal Type" : "xterm-256color",
  "Visual Bell" : true,
  "Flashing Bell" : true,
  "Status Bar Layout" : {
    "components" : [
      {
        "class" : "iTermStatusBarUsernameComponent",
        "configuration" : {
          "knobs" : {
            "path" : "username",
            "base: priority" : 5,
            "base: compression resistance" : 1,