{
  "Ansi 7 Color" : {
    "Red Component" : 0.8938639760017395,
    "Color Space" : "sRGB",
    "Blue Component" : 0.912567138671875,
    "Alpha Component" : 1,
    "Green Component" : 0.8883521556854248
  },
  "Tags" : [

  ],
  "Ansi 12 Color" : {
    "Red Component" : 0.41227626800537109,
    "Color Space" : "sRGB",
    "Blue Component" : 0.98225957155227661,
    "Alpha Component" : 1,
    "Green Component" : 0.75191694498062134
  },
  "Horizontal Spacing" : 1,
  "Draw Powerline Glyphs" : true,
  "Bold Color" : {
    "Red Component" : 0.80000001192092896,
    "Color Space" : "sRGB",
    "Blue Component" : 1,
    "Alpha Component" : 1,
    "Green Component" : 0.80000001192092896
  },
  "Tab Color" : {
    "Red Component" : 0.27881509065628052,
    "Color Space" : "sRGB",
    "Blue Component" : 0.44051399827003479,
    "Alpha Component" : 1,
    "Green Component" : 0.29846870899200439
  },
  "Ansi 6 Color" : {
    "Red Component" : 0.33795073628425598,
    "Color Space" : "sRGB",
    "Blue Component" : 0.75957190990447998,
    "Alpha Component" : 1,
    "Green Component" : 0.828765869140625
  },
  "Transparency" : 0.026857947335025383,
  "Rows" : 25,
  "Default Bookmark" : "No",
  "Custom Directory" : "Recycle",
  "Ansi 5 Color" : {
    "Red Component" : 0.74780160188674927,
    "Color Space" : "sRGB",
    "Blue Component" : 0.97584658861160278,
    "Alpha Component" : 1,
    "Green Component" : 0.61015325784683228
  },
  "Cursor Guide Color" : {
    "Red Component" : 0.21960784494876862,
    "Color Space" : "sRGB",
    "Blue Component" : 0.37254902720451355,
    "Alpha Component" : 0.47058823529411764,
    "Green Component" : 0.23137255012989044
  },
  "Non-ASCII Anti Aliased" : true,
  "Use Bright Bold" : true,
  "Ansi 10 Color" : {
    "Red Component" : 0.0034253485500812531,
    "Color Space" : "sRGB",
    "Blue Component" : 0.75310415029525757,
    "Alpha Component" : 1,
    "Green Component" : 0.916259765625
  },
  "Ambiguous Double Width" : false,
  "Jobs to Ignore" : [
    "rlogin",
    "ssh",
    "slogin",
    "telnet"
  ],
  "Show Status Bar" : true,
  "Ansi 15 Color" : {
    "Red Component" : 0.95644122362136841,
    "Color Space" : "sRGB",
    "Blue Component" : 0.97515267133712769,
    "Alpha Component" : 1,
    "Green Component" : 0.95092695951461792
  },
  "Foreground Color" : {
    "Red Component" : 0.90886157751083374,
    "Color Space" : "sRGB",
    "Blue Component" : 0.92787140607833862,
    "Alpha Component" : 1,
    "Green Component" : 0.90325695276260376
  },
  "Working Directory" : "\$HOME",
  "Blinking Cursor" : false,
  "Disable Window Resizing" : true,
  "Sync Title" : false,
  "Prompt Before Closing 2" : false,
  "BM Growl" : true,
  "Description" : "Default",
  "Mouse Reporting" : true,
  "Command" : "",
  "Selection Color" : {
    "Red Component" : 0.40000000596046448,
    "Color Space" : "sRGB",
    "Blue Component" : 0.60000002384185791,
    "Alpha Component" : 1,
    "Green Component" : 0.20000000298023224
  },
  "Screen" : -1,
  "Idle Code" : 0,
  "Only The Default BG Color Uses Transparency" : false,
  "Columns" : 80,
  "Ansi 13 Color" : {
    "Red Component" : 0.75680404901504517,
    "Color Space" : "sRGB",
    "Blue Component" : 0.97278290987014771,
    "Alpha Component" : 1,
    "Green Component" : 0.49928122758865356
  },
  "Title Components" : 3,
  "Custom Command" : "No",
  "ASCII Anti Aliased" : true,
  "tmux Pane Title" : "Default",
  "Background Color" : {
    "Red Component" : 0.16078431904315948,
    "Color Space" : "sRGB",
    "Blue Component" : 0.26666668057441711,
    "Alpha Component" : 1,
    "Green Component" : 0.16470588743686676
  },
  "Vertical Spacing" : 1,
  "Use Bold Font" : true,
  "Option Key Sends" : 0,
  "Selected Text Color" : {
    "Red Component" : 0.95644122362136841,
    "Color Space" : "sRGB",
    "Blue Component" : 0.97515267133712769,
    "Alpha Component" : 1,
    "Green Component" : 0.95092695951461792
  },
  "Non Ascii Font" : "HackNerdFontComplete-Regular 14",
  "Character Encoding" : 4,
  "Ansi 11 Color" : {
    "Red Component" : 0.99973183870315552,
    "Color Space" : "sRGB",
    "Blue Component" : 0.65924137830734253,
    "Alpha Component" : 1,
    "Green Component" : 0.98830991983413696
  },
  "Non-ASCII Ligatures" : true,
  "Use Italic Font" : true,
  "Unlimited Scrollback" : false,
  "Keyboard Map" : {
    "0xf700-0x260000" : {
      "Action" : 10,
      "Text" : "[1;6A"
    },
    "0x37-0x40000" : {
      "Action" : 11,
      "Text" : "0x1f"
    },
    "0x32-0x40000" : {
      "Action" : 11,
      "Text" : "0x00"
    },
    "0xf709-0x20000" : {
      "Action" : 10,
      "Text" : "[17;2~"
    },
    "0xf70c-0x20000" : {
      "Action" : 10,
      "Text" : "[20;2~"
    },
    "0xf729-0x20000" : {
      "Action" : 10,
      "Text" : "[1;2H"
    },
    "0xf72b-0x40000" : {
      "Action" : 10,
      "Text" : "[1;5F"
    },
    "0xf705-0x20000" : {
      "Action" : 10,
      "Text" : "[1;2Q"
    },
    "0xf703-0x260000" : {
      "Action" : 10,
      "Text" : "[1;6C"
    },
    "0xf700-0x220000" : {
      "Action" : 10,
      "Text" : "[1;2A"
    },
    "0xf701-0x280000" : {
      "Action" : 11,
      "Text" : "0x1b 0x1b 0x5b 0x42"
    },
    "0x38-0x40000" : {
      "Action" : 11,
      "Text" : "0x7f"
    },
    "0x33-0x40000" : {
      "Action" : 11,
      "Text" : "0x1b"
    },
    "0xf703-0x220000" : {
      "Action" : 10,
      "Text" : "[1;2C"
    },
    "0xf701-0x240000" : {
      "Action" : 10,
      "Text" : "[1;5B"
    },
    "0xf70d-0x20000" : {
      "Action" : 10,
      "Text" : "[21;2~"
    },
    "0xf702-0x260000" : {
      "Action" : 10,
      "Text" : "[1;6D"
    },
    "0xf729-0x40000" : {
      "Action" : 10,
      "Text" : "[1;5H"
    },
    "0xf706-0x20000" : {
      "Action" : 10,
      "Text" : "[1;2R"
    },
    "0x34-0x40000" : {
      "Action" : 11,
      "Text" : "0x1c"
    },
    "0xf700-0x280000" : {
      "Action" : 11,
      "Text" : "0x1b 0x1b 0x5b 0x41"
    },
    "0x2d-0x40000" : {
      "Action" : 11,
      "Text" : "0x1f"
    },
    "0xf70e-0x20000" : {
      "Action" : 10,
      "Text" : "[23;2~"
    },
    "0xf702-0x220000" : {
      "Action" : 10,
      "Text" : "[1;2D"
    },
    "0xf703-0x280000" : {
      "Action" : 11,
      "Text" : "0x1b 0x1b 0x5b 0x43"
    },
    "0xf700-0x240000" : {
      "Action" : 10,
      "Text" : "[1;5A"
    },
    "0xf707-0x20000" : {
      "Action" : 10,
      "Text" : "[1;2S"
    },
    "0xf70a-0x20000" : {
      "Action" : 10,
      "Text" : "[18;2~"
    },
    "0x35-0x40000" : {
      "Action" : 11,
      "Text" : "0x1d"
    },
    "0xf70f-0x20000" : {
      "Action" : 10,
      "Text" : "[24;2~"
    },
    "0xf703-0x240000" : {
      "Action" : 10,
      "Text" : "[1;5C"
    },
    "0xf701-0x260000" : {
      "Action" : 10,
      "Text" : "[1;6B"
    },
    "0xf702-0x280000" : {
      "Action" : 11,
      "Text" : "0x1b 0x1b 0x5b 0x44"
    },
    "0xf72b-0x20000" : {
      "Action" : 10,
      "Text" : "[1;2F"
    },
    "0x36-0x40000" : {
      "Action" : 11,
      "Text" : "0x1e"
    },
    "0xf708-0x20000" : {
      "Action" : 10,
      "Text" : "[15;2~"
    },
    "0xf701-0x220000" : {
      "Action" : 10,
      "Text" : "[1;2B"
    },
    "0xf70b-0x20000" : {
      "Action" : 10,
      "Text" : "[19;2~"
    },
    "0xf702-0x240000" : {
      "Action" : 10,
      "Text" : "[1;5D"
    },
    "0xf704-0x20000" : {
      "Action" : 10,
      "Text" : "[1;2P"
    }
  },
  "Window Type" : 0,
  "Blur Radius" : 30,
  "Background Image Location" : "",
  "Blur" : true,
  "Badge Color" : {
    "Red Component" : 0.69803923368453979,
    "Color Space" : "sRGB",
    "Blue Component" : 0.96470588445663452,
    "Alpha Component" : 0.58823529411764708,
    "Green Component" : 0.38823530077934265
  },
  "Scrollback Lines" : 100000,
  "Send Code When Idle" : false,
  "Close Sessions On End" : true,
  "Terminal Type" : "xterm-256color",
  "Visual Bell" : true,
  "Flashing Bell" : true,